[{"model": "contenttypes.contenttype", "pk": 1, "fields": {"app_label": "admin", "model": "logentry"}}, {"model": "contenttypes.contenttype", "pk": 2, "fields": {"app_label": "auth", "model": "permission"}}, {"model": "contenttypes.contenttype", "pk": 3, "fields": {"app_label": "auth", "model": "group"}}, {"model": "contenttypes.contenttype", "pk": 4, "fields": {"app_label": "auth", "model": "user"}}, {"model": "contenttypes.contenttype", "pk": 5, "fields": {"app_label": "contenttypes", "model": "contenttype"}}, {"model": "contenttypes.contenttype", "pk": 6, "fields": {"app_label": "sessions", "model": "session"}}, {"model": "contenttypes.contenttype", "pk": 7, "fields": {"app_label": "universities", "model": "specialty"}}, {"model": "contenttypes.contenttype", "pk": 8, "fields": {"app_label": "universities", "model": "specialtyscoreforuniversity"}}, {"model": "contenttypes.contenttype", "pk": 9, "fields": {"app_label": "universities", "model": "subject"}}, {"model": "contenttypes.contenttype", "pk": 10, "fields": {"app_label": "universities", "model": "university"}}, {"model": "sessions.session", "pk": "co5qsaao46t1inozj6z5uvx9bu96qmyf", "fields": {"session_data": "NDI4MjhjZmEwMDAxOWI0MTFkMDkwODg3OTEyOGU0YmZmZmExM2U5ODp7Il9hdXRoX3VzZXJfaWQiOiIyIiwiX2F1dGhfdXNlcl9iYWNrZW5kIjoiZGphbmdvLmNvbnRyaWIuYXV0aC5iYWNrZW5kcy5Nb2RlbEJhY2tlbmQiLCJfYXV0aF91c2VyX2hhc2giOiIyZjZjYmNjM2UwOTRmMzNiNTkyYTNjNjFiOTk0ZWRjN2NlODAwMDBlIn0=", "expire_date": "2018-03-16T07:04:54.280Z"}}, {"model": "sessions.session", "pk": "ln2uhx83kvlci7rexmxeoowb8p8z0tjx", "fields": {"session_data": "YTg0Y2YyODBlMDlhNjQ2MGUzNWNmY2I5MDhhMzlmYWFkOGRiMzMwZjp7Il9hdXRoX3VzZXJfaWQiOiIxIiwiX2F1dGhfdXNlcl9iYWNrZW5kIjoiZGphbmdvLmNvbnRyaWIuYXV0aC5iYWNrZW5kcy5Nb2RlbEJhY2tlbmQiLCJfYXV0aF91c2VyX2hhc2giOiIxYTllOTgwYjQ4MmJjNzQ3ZDAxNWFkOWNlZWMwZWYyOGI4Zjc1NzdlIn0=", "expire_date": "2018-03-12T12:34:37.396Z"}}, {"model": "sessions.session", "pk": "m5flzaanpyou4rmt9shns9ea94i2y9vo", "fields": {"session_data": "NDI4MjhjZmEwMDAxOWI0MTFkMDkwODg3OTEyOGU0YmZmZmExM2U5ODp7Il9hdXRoX3VzZXJfaWQiOiIyIiwiX2F1dGhfdXNlcl9iYWNrZW5kIjoiZGphbmdvLmNvbnRyaWIuYXV0aC5iYWNrZW5kcy5Nb2RlbEJhY2tlbmQiLCJfYXV0aF91c2VyX2hhc2giOiIyZjZjYmNjM2UwOTRmMzNiNTkyYTNjNjFiOTk0ZWRjN2NlODAwMDBlIn0=", "expire_date": "2018-03-14T11:27:34.533Z"}}, {"model": "sessions.session", "pk": "q8smyou3sp2aao9svm0e78ntjp2la94u", "fields": {"session_data": "NDI4MjhjZmEwMDAxOWI0MTFkMDkwODg3OTEyOGU0YmZmZmExM2U5ODp7Il9hdXRoX3VzZXJfaWQiOiIyIiwiX2F1dGhfdXNlcl9iYWNrZW5kIjoiZGphbmdvLmNvbnRyaWIuYXV0aC5iYWNrZW5kcy5Nb2RlbEJhY2tlbmQiLCJfYXV0aF91c2VyX2hhc2giOiIyZjZjYmNjM2UwOTRmMzNiNTkyYTNjNjFiOTk0ZWRjN2NlODAwMDBlIn0=", "expire_date": "2018-03-15T12:48:49.556Z"}}, {"model": "universities.subject", "pk": 1, "fields": {"title": "\u041c\u0430\u0442\u0435\u043c\u0430\u0442\u0438\u043a\u0430"}}, {"model": "universities.subject", "pk": 2, "fields": {"title": "\u0418\u043d\u0444\u043e\u0440\u043c\u0430\u0442\u0438\u043a\u0430 \u0438 \u0418\u041a\u0422"}}, {"model": "universities.subject", "pk": 3, "fields": {"title": "\u0420\u0443\u0441\u0441\u043a\u0438\u0439 \u044f\u0437\u044b\u043a"}}, {"model": "universities.subject", "pk": 4, "fields": {"title": "\u0424\u0438\u0437\u0438\u043a\u0430"}}, {"model": "universities.specialty", "pk": 1, "fields": {"code": "01.03.02", "title": "\u041f\u0440\u0438\u043a\u043b\u0430\u0434\u043d\u0430\u044f \u043c\u0430\u0442\u0435\u043c\u0430\u0442\u0438\u043a\u0430 \u0438 \u0438\u043d\u0444\u043e\u0440\u043c\u0430\u0442\u0438\u043a\u0430"}}, {"model": "universities.specialty", "pk": 2, "fields": {"code": "09.03.01", "title": "\u0418\u043d\u0444\u043e\u0440\u043c\u0430\u0442\u0438\u043a\u0430 \u0438 \u0432\u044b\u0447\u0438\u0441\u043b\u0438\u0442\u0435\u043b\u044c\u043d\u0430\u044f \u0442\u0435\u0445\u043d\u0438\u043a\u0430"}}, {"model": "universities.specialty", "pk": 3, "fields": {"code": "09.03.02", "title": "\u0418\u043d\u0444\u043e\u0440\u043c\u0430\u0446\u0438\u043e\u043d\u043d\u044b\u0435 \u0441\u0438\u0441\u0442\u0435\u043c\u044b \u0438 \u0442\u0435\u0445\u043d\u043e\u043b\u043e\u0433\u0438\u0438"}}, {"model": "universities.specialty", "pk": 4, "fields": {"code": "09.03.03", "title": "\u041f\u0440\u0438\u043a\u043b\u0430\u0434\u043d\u0430\u044f \u0438\u043d\u0444\u043e\u0440\u043c\u0430\u0442\u0438\u043a\u0430"}}, {"model": "universities.specialty", "pk": 5, "fields": {"code": "09.03.04", "title": "\u041f\u0440\u043e\u0433\u0440\u0430\u043c\u043c\u043d\u0430\u044f \u0438\u043d\u0436\u0435\u043d\u0435\u0440\u0438\u044f"}}, {"model": "universities.specialty", "pk": 6, "fields": {"code": "10.03.01", "title": "\u0418\u043d\u0444\u043e\u0440\u043c\u0430\u0446\u0438\u043e\u043d\u043d\u0430\u044f \u0431\u0435\u0437\u043e\u043f\u0430\u0441\u043d\u043e\u0441\u0442\u044c"}}, {"model": "universities.specialty", "pk": 7, "fields": {"code": "11.03.02", "title": "\u0418\u043d\u0444\u043e\u043a\u043e\u043c\u043c\u0443\u043d\u0438\u043a\u0430\u0446\u0438\u043e\u043d\u043d\u044b\u0435 \u0442\u0435\u0445\u043d\u043e\u043b\u043e\u0433\u0438\u0438 \u0438 \u0441\u0438\u0441\u0442\u0435\u043c\u044b \u0441\u0432\u044f\u0437\u0438"}}, {"model": "universities.specialty", "pk": 8, "fields": {"code": "01.03.01", "title": "\u041c\u0430\u0442\u0435\u043c\u0430\u0442\u0438\u043a\u0430"}}, {"model": "universities.specialty", "pk": 9, "fields": {"code": "01.03.04", "title": "\u041f\u0440\u0438\u043a\u043b\u0430\u0434\u043d\u0430\u044f \u043c\u0430\u0442\u0435\u043c\u0430\u0442\u0438\u043a\u0430"}}, {"model": "universities.specialty", "pk": 10, "fields": {"code": "10.05.01", "title": "\u041a\u043e\u043c\u043f\u044c\u044e\u0442\u0435\u0440\u043d\u0430\u044f \u0431\u0435\u0437\u043e\u043f\u0430\u0441\u043d\u043e\u0441\u0442\u044c"}}, {"model": "universities.specialty", "pk": 11, "fields": {"code": "27.03.03", "title": "\u0421\u0438\u0441\u0442\u0435\u043c\u043d\u044b\u0439 \u0430\u043d\u0430\u043b\u0438\u0437 \u0438 \u0443\u043f\u0440\u0430\u0432\u043b\u0435\u043d\u0438\u0435"}}, {"model": "universities.university", "pk": 1, "fields": {"short_title": "\u0418\u0422\u041c\u041e", "full_title": "\u0444\u0435\u0434\u0435\u0440\u0430\u043b\u044c\u043d\u043e\u0435 \u0433\u043e\u0441\u0443\u0434\u0430\u0440\u0441\u0442\u0432\u0435\u043d\u043d\u043e\u0435 \u0430\u0432\u0442\u043e\u043d\u043e\u043c\u043d\u043e\u0435 \u043e\u0431\u0440\u0430\u0437\u043e\u0432\u0430\u0442\u0435\u043b\u044c\u043d\u043e\u0435 \u0443\u0447\u0440\u0435\u0436\u0434\u0435\u043d\u0438\u0435 \u0432\u044b\u0441\u0448\u0435\u0433\u043e \u043e\u0431\u0440\u0430\u0437\u043e\u0432\u0430\u043d\u0438\u044f \u0421\u0430\u043d\u043a\u0442-\u041f\u0435\u0442\u0435\u0440\u0431\u0443\u0440\u0433\u0441\u043a\u0438\u0439 \u043d\u0430\u0446\u0438\u043e\u043d\u0430\u043b\u044c\u043d\u044b\u0439 \u0438\u0441\u0441\u043b\u0435\u0434\u043e\u0432\u0430\u0442\u0435\u043b\u044c\u0441\u043a\u0438\u0439 \u0443\u043d\u0438\u0432\u0435\u0440\u0441\u0438\u0442\u0435\u0442 \u0438\u043d\u0444\u043e\u0440\u043c\u0430\u0446\u0438\u043e\u043d\u043d\u044b\u0445 \u0442\u0435\u0445\u043d\u043e\u043b\u043e\u0433\u0438\u0439, \u043c\u0435\u0445\u0430\u043d\u0438\u043a\u0438 \u0438 \u043e\u043f\u0442\u0438\u043a\u0438"}}, {"model": "universities.university", "pk": 2, "fields": {"short_title": "\u0421\u0424\u0423", "full_title": "\u0421\u0438\u0431\u0438\u0440\u0441\u043a\u0438\u0439 \u0424\u0435\u0434\u0435\u0440\u0430\u043b\u044c\u043d\u044b\u0439 \u0423\u043d\u0438\u0432\u0435\u0440\u0441\u0438\u0442\u0435\u0442"}}, {"model": "universities.university", "pk": 3, "fields": {"short_title": "\u0412\u0428\u042d", "full_title": "\u041d\u0430\u0446\u0438\u043e\u043d\u0430\u043b\u044c\u043d\u044b\u0439 \u0438\u0441\u0441\u043b\u0435\u0434\u043e\u0432\u0430\u0442\u0435\u043b\u044c\u0441\u043a\u0438\u0439 \u0443\u043d\u0438\u0432\u0435\u0440\u0441\u0438\u0442\u0435\u0442 \u00ab\u0412\u044b\u0441\u0448\u0430\u044f \u0448\u043a\u043e\u043b\u0430 \u044d\u043a\u043e\u043d\u043e\u043c\u0438\u043a\u0438\u00bb \u2014 \u0438\u0441\u0441\u043b\u0435\u0434\u043e\u0432\u0430\u0442\u0435\u043b\u044c\u0441\u043a\u0438\u0439 \u0443\u043d\u0438\u0432\u0435\u0440\u0441\u0438\u0442\u0435\u0442, \u043e\u0441\u0443\u0449\u0435\u0441\u0442\u0432\u043b\u044f\u044e\u0449\u0438\u0439 \u0441\u0432\u043e\u044e \u043c\u0438\u0441\u0441\u0438\u044e \u0447\u0435\u0440\u0435\u0437 \u043d\u0430\u0443\u0447\u043d\u043e-\u043e\u0431\u0440\u0430\u0437\u043e\u0432\u0430\u0442\u0435\u043b\u044c\u043d\u0443\u044e, \u043f\u0440\u043e\u0435\u043a\u0442\u043d\u0443\u044e, \u044d\u043a\u0441\u043f\u0435\u0440\u0442\u043d\u043e-\u0430\u043d\u0430\u043b\u0438\u0442\u0438\u0447\u0435\u0441\u043a\u0443\u044e \u0438 \u0441\u043e\u0446\u0438\u043e\u043a\u0443\u043b\u044c\u0442\u0443\u0440\u043d\u0443\u044e \u0434\u0435\u044f\u0442\u0435\u043b\u044c\u043d\u043e\u0441\u0442\u0438 \u043d\u0430 \u043e\u0441\u043d\u043e\u0432\u0435 \u043c\u0435\u0436\u0434\u0443\u043d\u0430\u0440\u043e\u0434\u043d\u044b\u0445 \u043d\u0430\u0443\u0447\u043d\u044b\u0445 \u0438 \u043e\u0440\u0433\u0430\u043d\u0438\u0437\u0430\u0446\u0438\u043e\u043d\u043d\u044b\u0445 \u0441\u0442\u0430\u043d\u0434\u0430\u0440\u0442\u043e\u0432. \u041c\u044b \u043e\u0441\u043e\u0437\u043d\u0430\u0435\u043c \u0441\u0435\u0431\u044f \u0447\u0430\u0441\u0442\u044c\u044e \u043c\u0438\u0440\u043e\u0432\u043e\u0433\u043e \u0430\u043a\u0430\u0434\u0435\u043c\u0438\u0447\u0435\u0441\u043a\u043e\u0433\u043e \u0441\u043e\u043e\u0431\u0449\u0435\u0441\u0442\u0432\u0430, \u0441\u0447\u0438\u0442\u0430\u0435\u043c \u043c\u0435\u0436\u0434\u0443\u043d\u0430\u0440\u043e\u0434\u043d\u043e\u0435 \u043f\u0430\u0440\u0442\u043d\u0435\u0440\u0441\u0442\u0432\u043e, \u0432\u043e\u0432\u043b\u0435\u0447\u0435\u043d\u043d\u043e\u0441\u0442\u044c \u0432 \u0433\u043b\u043e\u0431\u0430\u043b\u044c\u043d\u043e\u0435 \u0443\u043d\u0438\u0432\u0435\u0440\u0441\u0438\u0442\u0435\u0442\u0441\u043a\u043e\u0435 \u0432\u0437\u0430\u0438\u043c\u043e\u0434\u0435\u0439\u0441\u0442\u0432\u0438\u0435 \u043a\u043b\u044e\u0447\u0435\u0432\u044b\u043c\u0438 \u044d\u043b\u0435\u043c\u0435\u043d\u0442\u0430\u043c\u0438 \u043d\u0430\u0448\u0435\u0433\u043e \u0434\u0432\u0438\u0436\u0435\u043d\u0438\u044f \u0432\u043f\u0435\u0440\u0435\u0434. \u0411\u0443\u0434\u0443\u0447\u0438 \u0440\u043e\u0441\u0441\u0438\u0439\u0441\u043a\u0438\u043c \u0443\u043d\u0438\u0432\u0435\u0440\u0441\u0438\u0442\u0435\u0442\u043e\u043c, \u043c\u044b \u0440\u0430\u0431\u043e\u0442\u0430\u0435\u043c \u043d\u0430 \u0431\u043b\u0430\u0433\u043e \u0420\u043e\u0441\u0441\u0438\u0438 \u0438 \u0435\u0435 \u0433\u0440\u0430\u0436\u0434\u0430\u043d. \u041d\u0430\u0448 \u0443\u043d\u0438\u0432\u0435\u0440\u0441\u0438\u0442\u0435\u0442 \u2014 \u044d\u0442\u043e \u043a\u043e\u043b\u043b\u0435\u043a\u0442\u0438\u0432 \u0443\u0447\u0435\u043d\u044b\u0445, \u0441\u043e\u0442\u0440\u0443\u0434\u043d\u0438\u043a\u043e\u0432, \u0430\u0441\u043f\u0438\u0440\u0430\u043d\u0442\u043e\u0432 \u0438 \u0441\u0442\u0443\u0434\u0435\u043d\u0442\u043e\u0432, \u043a\u043e\u0442\u043e\u0440\u044b\u0445 \u043e\u0442\u043b\u0438\u0447\u0430\u0435\u0442 \u0432\u043d\u0443\u0442\u0440\u0435\u043d\u043d\u044f\u044f \u043f\u0440\u0438\u0432\u0435\u0440\u0436\u0435\u043d\u043d\u043e\u0441\u0442\u044c \u043a \u043f\u043e\u0434\u0434\u0435\u0440\u0436\u0430\u043d\u0438\u044e \u0432\u044b\u0441\u043e\u043a\u0438\u0445 \u0430\u043a\u0430\u0434\u0435\u043c\u0438\u0447\u0435\u0441\u043a\u0438\u0445 \u0441\u0442\u0430\u043d\u0434\u0430\u0440\u0442\u043e\u0432 \u0441\u0432\u043e\u0435\u0439 \u0434\u0435\u044f\u0442\u0435\u043b\u044c\u043d\u043e\u0441\u0442\u0438. \u041c\u044b \u0441\u0442\u0440\u0435\u043c\u0438\u043c\u0441\u044f \u043e\u0431\u0435\u0441\u043f\u0435\u0447\u0438\u0442\u044c \u043d\u0430\u0438\u0431\u043e\u043b\u0435\u0435 \u0431\u043b\u0430\u0433\u043e\u043f\u0440\u0438\u044f\u0442\u043d\u044b\u0435 \u0443\u0441\u043b\u043e\u0432\u0438\u044f \u0434\u043b\u044f \u0440\u0430\u0437\u0432\u0438\u0442\u0438\u044f \u043a\u0430\u0436\u0434\u043e\u0433\u043e \u0447\u043b\u0435\u043d\u0430 \u043d\u0430\u0448\u0435\u0433\u043e \u043a\u043e\u043b\u043b\u0435\u043a\u0442\u0438\u0432\u0430."}}, {"model": "universities.university", "pk": 4, "fields": {"short_title": "\u0422\u0413\u0423", "full_title": "\u0422\u043e\u043c\u0441\u043a\u0438\u0439 \u0433\u043e\u0441\u0443\u0434\u0430\u0440\u0441\u0442\u0432\u0435\u043d\u043d\u044b\u0439 \u0443\u043d\u0438\u0432\u0435\u0440\u0441\u0438\u0442\u0435\u0442 \u0443\u0447\u0440\u0435\u0436\u0434\u0435\u043d 16 (28) \u043c\u0430\u044f 1878 \u0433. \u0410\u043b\u0435\u043a\u0441\u0430\u043d\u0434\u0440\u043e\u043c II \u043a\u0430\u043a \u0418\u043c\u043f\u0435\u0440\u0430\u0442\u043e\u0440\u0441\u043a\u0438\u0439 \u0421\u0438\u0431\u0438\u0440\u0441\u043a\u0438\u0439 \u0443\u043d\u0438\u0432\u0435\u0440\u0441\u0438\u0442\u0435\u0442 \u0432 \u0422\u043e\u043c\u0441\u043a\u0435. \u041f\u0435\u0440\u0432\u044b\u0439 \u0432\u0443\u0437 \u0432 \u0410\u0437\u0438\u0430\u0442\u0441\u043a\u043e\u0439 \u0447\u0430\u0441\u0442\u0438 \u0420\u043e\u0441\u0441\u0438\u0438, \u0422\u043e\u043c\u0441\u043a\u0438\u0439 \u0443\u043d\u0438\u0432\u0435\u0440\u0441\u0438\u0442\u0435\u0442 \u0437\u0430\u043d\u044f\u043b \u0434\u043e\u0441\u0442\u043e\u0439\u043d\u043e\u0435 \u043c\u0435\u0441\u0442\u043e \u0441\u0440\u0435\u0434\u0438 \u0432\u0435\u0434\u0443\u0449\u0438\u0445 \u0443\u043d\u0438\u0432\u0435\u0440\u0441\u0438\u0442\u0435\u0442\u043e\u0432 \u0441\u0442\u0440\u0430\u043d\u044b. \u0417\u0430 \u0432\u044b\u0434\u0430\u044e\u0449\u0438\u0435\u0441\u044f \u0434\u043e\u0441\u0442\u0438\u0436\u0435\u043d\u0438\u044f \u0432 \u043e\u0431\u043b\u0430\u0441\u0442\u0438 \u043d\u0430\u0443\u043a\u0438, \u043e\u0431\u0440\u0430\u0437\u043e\u0432\u0430\u043d\u0438\u044f \u0438 \u043a\u0443\u043b\u044c\u0442\u0443\u0440\u044b \u0423\u043a\u0430\u0437\u043e\u043c \u041f\u0440\u0435\u0437\u0438\u0434\u0435\u043d\u0442\u0430 \u0420\u043e\u0441\u0441\u0438\u0438 \u0432 1997 \u0433. \u0422\u0413\u0423 \u0432\u043a\u043b\u044e\u0447\u0435\u043d \u0432 \u0413\u043e\u0441\u0443\u0434\u0430\u0440\u0441\u0442\u0432\u0435\u043d\u043d\u044b\u0439 \u0441\u0432\u043e\u0434 \u043e\u0441\u043e\u0431\u043e \u0446\u0435\u043d\u043d\u044b\u0445 \u043e\u0431\u044a\u0435\u043a\u0442\u043e\u0432 \u043a\u0443\u043b\u044c\u0442\u0443\u0440\u043d\u043e\u0433\u043e \u043d\u0430\u0441\u043b\u0435\u0434\u0438\u044f \u043d\u0430\u0440\u043e\u0434\u043e\u0432 \u0420\u043e\u0441\u0441\u0438\u0439\u0441\u043a\u043e\u0439 \u0424\u0435\u0434\u0435\u0440\u0430\u0446\u0438\u0438. \u0412 2010 \u0433. \u0443\u043d\u0438\u0432\u0435\u0440\u0441\u0438\u0442\u0435\u0442 \u043f\u043e\u043b\u0443\u0447\u0438\u043b \u0441\u0442\u0430\u0442\u0443\u0441 \"\u043d\u0430\u0446\u0438\u043e\u043d\u0430\u043b\u044c\u043d\u044b\u0439 \u0438\u0441\u0441\u043b\u0435\u0434\u043e\u0432\u0430\u0442\u0435\u043b\u044c\u0441\u043a\u0438\u0439\", \u0432 2013 \u0433. \u0422\u0413\u0423 \u0432\u043e\u0448\u0435\u043b \u0432 \u0447\u0438\u0441\u043b\u043e 15 \u0432\u0443\u0437\u043e\u0432-\u043f\u043e\u0431\u0435\u0434\u0438\u0442\u0435\u043b\u0435\u0439 \u043a\u043e\u043d\u043a\u0443\u0440\u0441\u0430 \u043f\u0440\u043e\u0433\u0440\u0430\u043c\u043c \u043f\u043e\u0432\u044b\u0448\u0435\u043d\u0438\u044f \u043a\u043e\u043d\u043a\u0443\u0440\u0435\u043d\u0442\u043e\u0441\u043f\u043e\u0441\u043e\u0431\u043d\u043e\u0441\u0442\u0438, \u043f\u0440\u043e\u0432\u0435\u0434\u0435\u043d\u043d\u043e\u0433\u043e \u041c\u0438\u043d\u043e\u0431\u0440\u043d\u0430\u0443\u043a\u0438 \u0420\u0424, \u0438 \u0430\u043a\u0442\u0438\u0432\u043d\u043e \u0440\u0430\u0431\u043e\u0442\u0430\u0435\u0442 \u043d\u0430\u0434 \u0443\u043a\u0440\u0435\u043f\u043b\u0435\u043d\u0438\u0435\u043c \u0441\u0432\u043e\u0438\u0445 \u043f\u043e\u0437\u0438\u0446\u0438\u0439 \u0432 \u0440\u043e\u0441\u0441\u0438\u0439\u0441\u043a\u043e\u043c \u0438 \u043c\u0435\u0436\u0434\u0443\u043d\u0430\u0440\u043e\u0434\u043d\u043e\u043c \u043d\u0430\u0443\u0447\u043d\u043e-\u043e\u0431\u0440\u0430\u0437\u043e\u0432\u0430\u0442\u0435\u043b\u044c\u043d\u043e\u043c \u043f\u0440\u043e\u0441\u0442\u0440\u0430\u043d\u0441\u0442\u0432\u0435. \u0413\u043b\u0430\u0432\u043d\u0430\u044f \u043c\u0438\u0441\u0441\u0438\u044f \u0443\u043d\u0438\u0432\u0435\u0440\u0441\u0438\u0442\u0435\u0442\u0430 \u043d\u0435\u0438\u0437\u043c\u0435\u043d\u043d\u0430 \u043d\u0430 \u043f\u0440\u043e\u0442\u044f\u0436\u0435\u043d\u0438\u0438 \u0432\u0441\u0435\u0433\u043e \u0432\u0440\u0435\u043c\u0435\u043d\u0438 \u0435\u0433\u043e \u0441\u0443\u0449\u0435\u0441\u0442\u0432\u043e\u0432\u0430\u043d\u0438\u044f: \u043e\u0441\u0442\u0430\u0432\u0430\u0442\u044c\u0441\u044f \u043a\u043b\u0430\u0441\u0441\u0438\u0447\u0435\u0441\u043a\u0438\u043c \u0443\u043d\u0438\u0432\u0435\u0440\u0441\u0438\u0442\u0435\u0442\u043e\u043c \u0438\u0441\u0441\u043b\u0435\u0434\u043e\u0432\u0430\u0442\u0435\u043b\u044c\u0441\u043a\u043e\u0433\u043e \u0442\u0438\u043f\u0430 \u0441 \u0441\u0438\u0441\u0442\u0435\u043c\u043e\u0439 \u043e\u0431\u0440\u0430\u0437\u043e\u0432\u0430\u043d\u0438\u044f, \u0441\u043e\u0447\u0435\u0442\u0430\u044e\u0449\u0435\u0439 \u0443\u0447\u0435\u0431\u043d\u044b\u0439 \u043f\u0440\u043e\u0446\u0435\u0441\u0441 \u043d\u0430 \u0431\u0430\u0437\u0435 \u0444\u0443\u043d\u0434\u0430\u043c\u0435\u043d\u0442\u0430\u043b\u044c\u043d\u044b\u0445 \u043d\u0430\u0443\u0447\u043d\u044b\u0445 \u0438\u0441\u0441\u043b\u0435\u0434\u043e\u0432\u0430\u043d\u0438\u0439 \u0438 \u0443\u0434\u043e\u0432\u043b\u0435\u0442\u0432\u043e\u0440\u0435\u043d\u0438\u0435 \u0434\u0443\u0445\u043e\u0432\u043d\u044b\u0445 \u043f\u043e\u0442\u0440\u0435\u0431\u043d\u043e\u0441\u0442\u0435\u0439 \u043b\u0438\u0447\u043d\u043e\u0441\u0442\u0438. \u0417\u0430 \u0441\u0432\u043e\u044e \u0438\u0441\u0442\u043e\u0440\u0438\u044e \u0443\u043d\u0438\u0432\u0435\u0440\u0441\u0438\u0442\u0435\u0442 \u0441\u0442\u0430\u043b \u043a\u0440\u0443\u043f\u043d\u044b\u043c \u0446\u0435\u043d\u0442\u0440\u043e\u043c \u043f\u0440\u0438\u0442\u044f\u0436\u0435\u043d\u0438\u044f \u0442\u0432\u043e\u0440\u0447\u0435\u0441\u043a\u0438\u0445 \u0441\u0438\u043b \u0438 \u0442\u0430\u043b\u0430\u043d\u0442\u043e\u0432, \u0433\u0435\u043d\u0435\u0440\u0430\u0442\u043e\u0440\u043e\u043c \u043f\u0435\u0440\u0435\u0434\u043e\u0432\u044b\u0445 \u043d\u0430\u0443\u0447\u043d\u044b\u0445 \u0438\u0434\u0435\u0439, \u043f\u0440\u0438\u043c\u0435\u0440\u043e\u043c \u0432\u043e\u043f\u043b\u043e\u0449\u0435\u043d\u0438\u044f \u043b\u0443\u0447\u0448\u0438\u0445 \u0442\u0440\u0430\u0434\u0438\u0446\u0438\u0439 \u0440\u043e\u0441\u0441\u0438\u0439\u0441\u043a\u043e\u0433\u043e \u0432\u044b\u0441\u0448\u0435\u0433\u043e \u043e\u0431\u0440\u0430\u0437\u043e\u0432\u0430\u043d\u0438\u044f."}}, {"model": "universities.university", "pk": 5, "fields": {"short_title": "\u041d\u0418\u0422\u0423 \u00ab\u041c\u0418\u0421\u0438\u0421\u00bb", "full_title": "\u041d\u0430\u0446\u0438\u043e\u043d\u0430\u043b\u044c\u043d\u044b\u0439 \u0438\u0441\u0441\u043b\u0435\u0434\u043e\u0432\u0430\u0442\u0435\u043b\u044c\u0441\u043a\u0438\u0439 \u0442\u0435\u0445\u043d\u043e\u043b\u043e\u0433\u0438\u0447\u0435\u0441\u043a\u0438\u0439 \u0443\u043d\u0438\u0432\u0435\u0440\u0441\u0438\u0442\u0435\u0442 \u00ab\u041c\u0418\u0421\u0438\u0421\u00bb \u2013 \u043e\u0434\u0438\u043d \u0438\u0437 \u043d\u0430\u0438\u0431\u043e\u043b\u0435\u0435 \u0434\u0438\u043d\u0430\u043c\u0438\u0447\u043d\u043e \u0440\u0430\u0437\u0432\u0438\u0432\u0430\u044e\u0449\u0438\u0445\u0441\u044f \u043d\u0430\u0443\u0447\u043d\u043e-\u043e\u0431\u0440\u0430\u0437\u043e\u0432\u0430\u0442\u0435\u043b\u044c\u043d\u044b\u0445 \u0446\u0435\u043d\u0442\u0440\u043e\u0432 \u0441\u0442\u0440\u0430\u043d\u044b. \u041d\u0430\u0445\u043e\u0434\u044f\u0441\u044c \u0432 \u0447\u0438\u0441\u043b\u0435 \u043b\u0438\u0434\u0435\u0440\u043e\u0432 \u0442\u0435\u0445\u043d\u043e\u043b\u043e\u0433\u0438\u0447\u0435\u0441\u043a\u043e\u0433\u043e \u043e\u0431\u0440\u0430\u0437\u043e\u0432\u0430\u043d\u0438\u044f \u0420\u043e\u0441\u0441\u0438\u0438, \u0443\u043d\u0438\u0432\u0435\u0440\u0441\u0438\u0442\u0435\u0442 \u0442\u0430\u043a\u0436\u0435 \u043f\u0440\u0435\u0434\u0441\u0442\u0430\u0432\u043b\u044f\u0435\u0442 \u0441\u043e\u0431\u043e\u0439 \u043f\u043e\u043b\u043d\u043e\u0446\u0435\u043d\u043d\u044b\u0439 \u043d\u0430\u0443\u0447\u043d\u044b\u0439 \u0446\u0435\u043d\u0442\u0440. \u041c\u044b \u0432\u043e\u0441\u043f\u0438\u0442\u044b\u0432\u0430\u0435\u043c \u0431\u0443\u0434\u0443\u0449\u0435\u0435 \u043f\u043e\u043a\u043e\u043b\u0435\u043d\u0438\u0435 \u0442\u0430\u043b\u0430\u043d\u0442\u043b\u0438\u0432\u044b\u0445 \u0443\u0447\u0451\u043d\u044b\u0445, \u0438\u043d\u0438\u0446\u0438\u0430\u0442\u0438\u0432\u043d\u044b\u0445, \u0443\u0441\u043f\u0435\u0448\u043d\u044b\u0445 \u0433\u0440\u0430\u0436\u0434\u0430\u043d, \u0441\u043f\u043e\u0441\u043e\u0431\u043d\u044b\u0445 \u043d\u0430\u0439\u0442\u0438 \u0440\u0435\u0448\u0435\u043d\u0438\u044f \u043d\u0430\u0438\u0431\u043e\u043b\u0435\u0435 \u0430\u043a\u0442\u0443\u0430\u043b\u044c\u043d\u044b\u0445 \u0437\u0430\u0434\u0430\u0447 \u0432 \u0441\u0444\u0435\u0440\u0435 \u043d\u0430\u0443\u043a\u0438 \u0438 \u0442\u0435\u0445\u043d\u043e\u043b\u043e\u0433\u0438\u0439. \u041d\u0418\u0422\u0423 \u00ab\u041c\u0418\u0421\u0438\u0421\u00bb \u043f\u0440\u0438\u0432\u043b\u0435\u043a\u0430\u0435\u0442 \u043b\u0443\u0447\u0448\u0438\u0445 \u0443\u0447\u0451\u043d\u044b\u0445 \u0438\u0437 \u0440\u0430\u0437\u043d\u044b\u0445 \u0443\u043d\u0438\u0432\u0435\u0440\u0441\u0438\u0442\u0435\u0442\u043e\u0432 \u043c\u0438\u0440\u0430 \u0438 \u043f\u0440\u0435\u0434\u043e\u0441\u0442\u0430\u0432\u043b\u044f\u0435\u0442 \u0438\u043c \u0432\u043e\u0437\u043c\u043e\u0436\u043d\u043e\u0441\u0442\u044c \u0440\u0435\u0430\u043b\u0438\u0437\u043e\u0432\u044b\u0432\u0430\u0442\u044c \u043f\u0435\u0440\u0435\u0434\u043e\u0432\u044b\u0435 \u0438\u0441\u0441\u043b\u0435\u0434\u043e\u0432\u0430\u0442\u0435\u043b\u044c\u0441\u043a\u0438\u0435 \u043f\u0440\u043e\u0435\u043a\u0442\u044b. \u041d\u0430\u0448\u0438 \u043d\u0430\u0443\u0447\u043d\u043e-\u0438\u0441\u0441\u043b\u0435\u0434\u043e\u0432\u0430\u0442\u0435\u043b\u044c\u0441\u043a\u0438\u0435 \u0446\u0435\u043d\u0442\u0440\u044b \u0438 \u043b\u0430\u0431\u043e\u0440\u0430\u0442\u043e\u0440\u0438\u0438 \u043e\u0441\u043d\u0430\u0449\u0435\u043d\u044b \u043d\u043e\u0432\u0435\u0439\u0448\u0438\u043c \u0441\u043e\u0432\u0440\u0435\u043c\u0435\u043d\u043d\u044b\u043c \u043e\u0431\u043e\u0440\u0443\u0434\u043e\u0432\u0430\u043d\u0438\u0435\u043c \u0438 \u0441\u043e\u043e\u0442\u0432\u0435\u0442\u0441\u0442\u0432\u0443\u044e\u0442 \u0441\u0430\u043c\u044b\u043c \u0432\u044b\u0441\u043e\u043a\u0438\u043c \u043c\u0438\u0440\u043e\u0432\u044b\u043c \u0441\u0442\u0430\u043d\u0434\u0430\u0440\u0442\u0430\u043c. \u0412 \u041d\u0418\u0422\u0423 \u00ab\u041c\u0418\u0421\u0438\u0421\u00bb \u043e\u0431\u0443\u0447\u0430\u044e\u0442\u0441\u044f \u0431\u043e\u043b\u0435\u0435 15 000 \u0441\u0442\u0443\u0434\u0435\u043d\u0442\u043e\u0432. \u0412 \u044d\u0442\u043e \u0447\u0438\u0441\u043b\u043e \u0432\u0445\u043e\u0434\u0438\u0442 \u0431\u043e\u043b\u0435\u0435 3600 \u0438\u043d\u043e\u0441\u0442\u0440\u0430\u043d\u043d\u044b\u0445 \u0441\u0442\u0443\u0434\u0435\u043d\u0442\u043e\u0432 \u0438\u0437 66 \u0441\u0442\u0440\u0430\u043d \u043c\u0438\u0440\u0430. \u041c\u044b \u043f\u0440\u043e\u0434\u043e\u043b\u0436\u0430\u0435\u043c \u0443\u0432\u0435\u043b\u0438\u0447\u0438\u0432\u0430\u0442\u044c \u0447\u0438\u0441\u043b\u043e \u043c\u0435\u0436\u0434\u0443\u043d\u0430\u0440\u043e\u0434\u043d\u044b\u0445 \u043c\u0430\u0433\u0438\u0441\u0442\u0435\u0440\u0441\u043a\u0438\u0445 \u043f\u0440\u043e\u0433\u0440\u0430\u043c\u043c \u0434\u043b\u044f \u043f\u0440\u0438\u0432\u043b\u0435\u0447\u0435\u043d\u0438\u044f \u0431\u043e\u043b\u044c\u0448\u0435\u0433\u043e \u043a\u043e\u043b\u0438\u0447\u0435\u0441\u0442\u0432\u0430 \u0438\u043d\u043e\u0441\u0442\u0440\u0430\u043d\u043d\u044b\u0445 \u0441\u0442\u0443\u0434\u0435\u043d\u0442\u043e\u0432, \u0443 \u043a\u043e\u0442\u043e\u0440\u044b\u0445 \u0431\u0443\u0434\u0435\u0442 \u0432\u043e\u0437\u043c\u043e\u0436\u043d\u043e\u0441\u0442\u044c \u043f\u043e\u043b\u0443\u0447\u0438\u0442\u044c \u043f\u0435\u0440\u0432\u043e\u043a\u043b\u0430\u0441\u0441\u043d\u043e\u0435 \u043e\u0431\u0440\u0430\u0437\u043e\u0432\u0430\u043d\u0438\u0435 \u0432 \u041d\u0418\u0422\u0423 \u00ab\u041c\u0418\u0421\u0438\u0421\u00bb."}}, {"model": "universities.university", "pk": 6, "fields": {"short_title": "\u041c\u0424\u0422\u0418", "full_title": "\u041c\u043e\u0441\u043a\u043e\u0432\u0441\u043a\u0438\u0439 \u0444\u0438\u0437\u0438\u043a\u043e-\u0442\u0435\u0445\u043d\u0438\u0447\u0435\u0441\u043a\u0438\u0439 \u0438\u043d\u0441\u0442\u0438\u0442\u0443\u0442 \u044f\u0432\u043b\u044f\u0435\u0442\u0441\u044f \u043e\u0434\u043d\u0438\u043c \u0438\u0437 \u0432\u0435\u0434\u0443\u0449\u0438\u0445 \u0442\u0435\u0445\u043d\u0438\u0447\u0435\u0441\u043a\u0438\u0445 \u0432\u0443\u0437\u043e\u0432 \u0420\u043e\u0441\u0441\u0438\u0438. \u0418\u043d\u0441\u0442\u0438\u0442\u0443\u0442 \u043f\u043e \u043f\u0440\u0430\u0432\u0443 \u0437\u0430\u043d\u0438\u043c\u0430\u0435\u0442 \u043b\u0438\u0434\u0438\u0440\u0443\u044e\u0449\u0435\u0435 \u043c\u0435\u0441\u0442\u043e \u043f\u043e \u043a\u0430\u0447\u0435\u0441\u0442\u0432\u0435\u043d\u043d\u043e\u043c\u0443 \u043f\u0440\u0438\u0435\u043c\u0443 \u0430\u0431\u0438\u0442\u0443\u0440\u0438\u0435\u043d\u0442\u043e\u0432 \u0438 \u043a\u0432\u0430\u043b\u0438\u0444\u0438\u0446\u0438\u0440\u043e\u0432\u0430\u043d\u043d\u043e\u0439 \u043f\u043e\u0434\u0433\u043e\u0442\u043e\u0432\u043a\u0435 \u0432\u044b\u043f\u0443\u0441\u043a\u043d\u0438\u043a\u043e\u0432. \u0421\u0442\u0443\u0434\u0435\u043d\u0442\u044b \u0438 \u0432\u044b\u043f\u0443\u0441\u043a\u043d\u0438\u043a\u0438 \u041c\u0424\u0422\u0418 \u044f\u0432\u043b\u044f\u044e\u0442\u0441\u044f \u043f\u0440\u0435\u0434\u0441\u0442\u0430\u0432\u0438\u0442\u0435\u043b\u044f\u043c\u0438 \u0443\u0437\u043a\u043e\u0433\u043e \u043a\u0440\u0443\u0433\u0430 \u043b\u0438\u0446, \u043a\u043e\u0442\u043e\u0440\u044b\u0435, \u0431\u043b\u0430\u0433\u043e\u0434\u0430\u0440\u044f \u043e\u043a\u0440\u0443\u0436\u0430\u044e\u0449\u0438\u043c \u0438\u0445 \u0432\u043e\u0437\u043c\u043e\u0436\u043d\u043e\u0441\u0442\u044f\u043c \u043c\u0435\u0436\u0434\u0438\u0441\u0446\u0438\u043f\u043b\u0438\u043d\u0430\u0440\u043d\u043e\u0433\u043e \u043d\u0430\u0443\u0447\u043d\u043e\u0433\u043e \u043e\u0431\u0440\u0430\u0437\u043e\u0432\u0430\u043d\u0438\u044f, \u043c\u043e\u0433\u0443\u0442 \u0432 \u043f\u043e\u043b\u043d\u043e\u0439 \u043c\u0435\u0440\u0435 \u0440\u0435\u0430\u043b\u0438\u0437\u043e\u0432\u0430\u0442\u044c \u0441\u0432\u043e\u0439 \u043f\u043e\u0442\u0435\u043d\u0446\u0438\u0430\u043b. \u0418\u043d\u0441\u0442\u0438\u0442\u0443\u0442 \u043e\u0431\u043b\u0430\u0434\u0430\u0435\u0442 \u0431\u043e\u0433\u0430\u0442\u043e\u0439 \u0438\u0441\u0442\u043e\u0440\u0438\u0435\u0439. \u0415\u0433\u043e \u043e\u0441\u043d\u043e\u0432\u0430\u0442\u0435\u043b\u044f\u043c\u0438 \u0438 \u0441\u043e\u0442\u0440\u0443\u0434\u043d\u0438\u043a\u0430\u043c\u0438 \u0431\u044b\u043b\u0438 \u0430\u043a\u0430\u0434\u0435\u043c\u0438\u043a\u0438 \u041f.\u041b.\u041a\u0430\u043f\u0438\u0446\u0430, \u041d.\u041d.\u0421\u0435\u043c\u0435\u043d\u043e\u0432, \u0421.\u0410. \u0425\u0440\u0438\u0441\u0442\u0438\u0430\u043d\u043e\u0432\u0438\u0447. \u041f\u0435\u0440\u0432\u044b\u043c\u0438 \u043f\u0440\u043e\u0444\u0435\u0441\u0441\u043e\u0440\u0430\u043c\u0438 \u0431\u044b\u043b\u0438 \u041d\u043e\u0431\u0435\u043b\u0435\u0432\u0441\u043a\u0438\u0435 \u043b\u0430\u0443\u0440\u0435\u0430\u0442\u044b \u041f.\u041b.\u041a\u0430\u043f\u0438\u0446\u0430, \u041d.\u041d.\u0421\u0435\u043c\u0435\u043d\u043e\u0432, \u041b.\u0414. \u041b\u0430\u043d\u0434\u0430\u0443. \u0421\u0440\u0435\u0434\u0438 \u0432\u044b\u043f\u0443\u0441\u043a\u043d\u0438\u043a\u043e\u0432 \u0442\u0430\u043a\u0436\u0435 \u0435\u0441\u0442\u044c \u043d\u043e\u0431\u0435\u043b\u0435\u0432\u0441\u043a\u0438\u0435 \u043b\u0430\u0443\u0440\u0435\u0430\u0442\u044b. \u041c\u043d\u043e\u0433\u0438\u0435 \u043f\u0440\u043e\u0444\u0435\u0441\u0441\u043e\u0440\u0430 \u041c\u0424\u0422\u0418 \u044f\u0432\u043b\u044f\u044e\u0442\u0441\u044f \u0432\u0435\u0434\u0443\u0449\u0438\u043c\u0438 \u0440\u043e\u0441\u0441\u0438\u0439\u0441\u043a\u0438\u043c\u0438 \u0443\u0447\u0435\u043d\u044b\u043c\u0438. \u0421\u0440\u0435\u0434\u0438 \u043d\u0438\u0445 \u0431\u043e\u043b\u0435\u0435 80 \u0430\u043a\u0430\u0434\u0435\u043c\u0438\u043a\u043e\u0432 \u0438 \u0447\u043b\u0435\u043d\u043e\u0432-\u043a\u043e\u0440\u0440\u0435\u0441\u043f\u043e\u043d\u0434\u0435\u043d\u0442\u043e\u0432 \u0420\u043e\u0441\u0441\u0438\u0439\u0441\u043a\u043e\u0439 \u0430\u043a\u0430\u0434\u0435\u043c\u0438\u0438 \u043d\u0430\u0443\u043a. \u0421 \u0441\u0430\u043c\u043e\u0433\u043e \u043e\u0441\u043d\u043e\u0432\u0430\u043d\u0438\u044f \u0432 \u041c\u043e\u0441\u043a\u043e\u0432\u0441\u043a\u043e\u043c \u0444\u0438\u0437\u0438\u043a\u043e-\u0442\u0435\u0445\u043d\u0438\u0447\u0435\u0441\u043a\u043e\u043c \u0438\u043d\u0441\u0442\u0438\u0442\u0443\u0442\u0435 \u0438\u0441\u043f\u043e\u043b\u044c\u0437\u0443\u0435\u0442\u0441\u044f \u043e\u0440\u0438\u0433\u0438\u043d\u0430\u043b\u044c\u043d\u0430\u044f \u0441\u0438\u0441\u0442\u0435\u043c\u0430 \u043f\u043e\u0434\u0433\u043e\u0442\u043e\u0432\u043a\u0438 \u0441\u043f\u0435\u0446\u0438\u0430\u043b\u0438\u0441\u0442\u043e\u0432, \u043f\u043e\u043b\u0443\u0447\u0438\u0432\u0448\u0430\u044f \u0448\u0438\u0440\u043e\u043a\u0443\u044e \u0438\u0437\u0432\u0435\u0441\u0442\u043d\u043e\u0441\u0442\u044c \u043a\u0430\u043a \u00ab\u0441\u0438\u0441\u0442\u0435\u043c\u0430 \u0424\u0438\u0437\u0442\u0435\u0445\u0430\u00bb, \u0432 \u043a\u043e\u0442\u043e\u0440\u043e\u0439 \u0441\u043e\u0447\u0435\u0442\u0430\u044e\u0442\u0441\u044f \u0438 \u0434\u043e\u043f\u043e\u043b\u043d\u044f\u044e\u0442 \u0434\u0440\u0443\u0433 \u0434\u0440\u0443\u0433\u0430 \u0444\u0443\u043d\u0434\u0430\u043c\u0435\u043d\u0442\u0430\u043b\u044c\u043d\u043e\u0435 \u043e\u0431\u0440\u0430\u0437\u043e\u0432\u0430\u043d\u0438\u0435, \u0438\u043d\u0436\u0435\u043d\u0435\u0440\u043d\u044b\u0435 \u0434\u0438\u0441\u0446\u0438\u043f\u043b\u0438\u043d\u044b, \u043d\u0430\u0443\u0447\u043d\u043e-\u0438\u0441\u0441\u043b\u0435\u0434\u043e\u0432\u0430\u0442\u0435\u043b\u044c\u0441\u043a\u0430\u044f \u0440\u0430\u0431\u043e\u0442\u0430 \u0441\u0442\u0443\u0434\u0435\u043d\u0442\u043e\u0432."}}, {"model": "universities.specialtyscoreforuniversity", "pk": 1, "fields": {"university": 1, "specialty": 1, "score": 309, "subjects": [1, 2, 3]}}, {"model": "universities.specialtyscoreforuniversity", "pk": 2, "fields": {"university": 1, "specialty": 2, "score": 272, "subjects": [1, 2, 3]}}, {"model": "universities.specialtyscoreforuniversity", "pk": 3, "fields": {"university": 1, "specialty": 3, "score": 300, "subjects": [1, 2, 3]}}, {"model": "universities.specialtyscoreforuniversity", "pk": 4, "fields": {"university": 1, "specialty": 4, "score": 285, "subjects": [1, 2, 3]}}, {"model": "universities.specialtyscoreforuniversity", "pk": 5, "fields": {"university": 1, "specialty": 5, "score": 282, "subjects": [1, 2, 3]}}, {"model": "universities.specialtyscoreforuniversity", "pk": 6, "fields": {"university": 1, "specialty": 6, "score": 269, "subjects": [1, 2, 3]}}, {"model": "universities.specialtyscoreforuniversity", "pk": 7, "fields": {"university": 1, "specialty": 7, "score": 265, "subjects": [1, 2, 3]}}, {"model": "universities.specialtyscoreforuniversity", "pk": 8, "fields": {"university": 2, "specialty": 8, "score": 132, "subjects": [1, 2, 3]}}, {"model": "universities.specialtyscoreforuniversity", "pk": 9, "fields": {"university": 2, "specialty": 1, "score": 157, "subjects": [1, 3, 4]}}, {"model": "universities.specialtyscoreforuniversity", "pk": 10, "fields": {"university": 2, "specialty": 9, "score": 162, "subjects": [1, 2, 3]}}, {"model": "universities.specialtyscoreforuniversity", "pk": 11, "fields": {"university": 3, "specialty": 5, "score": 210, "subjects": [1, 2, 3]}}, {"model": "universities.specialtyscoreforuniversity", "pk": 12, "fields": {"university": 3, "specialty": 1, "score": 210, "subjects": [1, 2, 3]}}, {"model": "universities.specialtyscoreforuniversity", "pk": 13, "fields": {"university": 3, "specialty": 2, "score": 180, "subjects": [1, 3, 4]}}, {"model": "universities.specialtyscoreforuniversity", "pk": 14, "fields": {"university": 3, "specialty": 9, "score": 190, "subjects": [1, 3, 4]}}, {"model": "universities.specialtyscoreforuniversity", "pk": 15, "fields": {"university": 4, "specialty": 1, "score": 184, "subjects": [1, 2, 3]}}, {"model": "universities.specialtyscoreforuniversity", "pk": 16, "fields": {"university": 4, "specialty": 10, "score": 225, "subjects": [1, 3, 4]}}, {"model": "universities.specialtyscoreforuniversity", "pk": 17, "fields": {"university": 4, "specialty": 8, "score": 213, "subjects": [1, 3, 4]}}, {"model": "universities.specialtyscoreforuniversity", "pk": 18, "fields": {"university": 4, "specialty": 5, "score": 211, "subjects": [1, 2, 3]}}, {"model": "universities.specialtyscoreforuniversity", "pk": 19, "fields": {"university": 4, "specialty": 4, "score": 194, "subjects": [1, 2, 3]}}, {"model": "universities.specialtyscoreforuniversity", "pk": 20, "fields": {"university": 5, "specialty": 9, "score": 264, "subjects": [1, 2, 3]}}, {"model": "universities.specialtyscoreforuniversity", "pk": 21, "fields": {"university": 5, "specialty": 2, "score": 257, "subjects": [1, 2, 3]}}, {"model": "universities.specialtyscoreforuniversity", "pk": 22, "fields": {"university": 5, "specialty": 3, "score": 250, "subjects": [1, 2, 3]}}, {"model": "universities.specialtyscoreforuniversity", "pk": 23, "fields": {"university": 5, "specialty": 4, "score": 258, "subjects": [1, 2, 3]}}, {"model": "universities.specialtyscoreforuniversity", "pk": 24, "fields": {"university": 6, "specialty": 1, "score": 270, "subjects": [1, 2, 3]}}, {"model": "universities.specialtyscoreforuniversity", "pk": 25, "fields": {"university": 6, "specialty": 11, "score": 277, "subjects": [1, 2, 3]}}, {"model": "universities.specialtyscoreforuniversity", "pk": 26, "fields": {"university": 6, "specialty": 10, "score": 286, "subjects": [1, 3, 4]}}, {"model": "auth.permission", "pk": 1, "fields": {"name": "Can add log entry", "content_type": 1, "codename": "add_logentry"}}, {"model": "auth.permission", "pk": 2, "fields": {"name": "Can change log entry", "content_type": 1, "codename": "change_logentry"}}, {"model": "auth.permission", "pk": 3, "fields": {"name": "Can delete log entry", "content_type": 1, "codename": "delete_logentry"}}, {"model": "auth.permission", "pk": 4, "fields": {"name": "Can add permission", "content_type": 2, "codename": "add_permission"}}, {"model": "auth.permission", "pk": 5, "fields": {"name": "Can change permission", "content_type": 2, "codename": "change_permission"}}, {"model": "auth.permission", "pk": 6, "fields": {"name": "Can delete permission", "content_type": 2, "codename": "delete_permission"}}, {"model": "auth.permission", "pk": 7, "fields": {"name": "Can add group", "content_type": 3, "codename": "add_group"}}, {"model": "auth.permission", "pk": 8, "fields": {"name": "Can change group", "content_type": 3, "codename": "change_group"}}, {"model": "auth.permission", "pk": 9, "fields": {"name": "Can delete group", "content_type": 3, "codename": "delete_group"}}, {"model": "auth.permission", "pk": 10, "fields": {"name": "Can add user", "content_type": 4, "codename": "add_user"}}, {"model": "auth.permission", "pk": 11, "fields": {"name": "Can change user", "content_type": 4, "codename": "change_user"}}, {"model": "auth.permission", "pk": 12, "fields": {"name": "Can delete user", "content_type": 4, "codename": "delete_user"}}, {"model": "auth.permission", "pk": 13, "fields": {"name": "Can add content type", "content_type": 5, "codename": "add_contenttype"}}, {"model": "auth.permission", "pk": 14, "fields": {"name": "Can change content type", "content_type": 5, "codename": "change_contenttype"}}, {"model": "auth.permission", "pk": 15, "fields": {"name": "Can delete content type", "content_type": 5, "codename": "delete_contenttype"}}, {"model": "auth.permission", "pk": 16, "fields": {"name": "Can add session", "content_type": 6, "codename": "add_session"}}, {"model": "auth.permission", "pk": 17, "fields": {"name": "Can change session", "content_type": 6, "codename": "change_session"}}, {"model": "auth.permission", "pk": 18, "fields": {"name": "Can delete session", "content_type": 6, "codename": "delete_session"}}, {"model": "auth.permission", "pk": 19, "fields": {"name": "Can add \u0421\u043f\u0435\u0446\u0438\u0430\u043b\u044c\u043d\u043e\u0441\u0442\u044c", "content_type": 7, "codename": "add_specialty"}}, {"model": "auth.permission", "pk": 20, "fields": {"name": "Can change \u0421\u043f\u0435\u0446\u0438\u0430\u043b\u044c\u043d\u043e\u0441\u0442\u044c", "content_type": 7, "codename": "change_specialty"}}, {"model": "auth.permission", "pk": 21, "fields": {"name": "Can delete \u0421\u043f\u0435\u0446\u0438\u0430\u043b\u044c\u043d\u043e\u0441\u0442\u044c", "content_type": 7, "codename": "delete_specialty"}}, {"model": "auth.permission", "pk": 22, "fields": {"name": "Can add specialty score for university", "content_type": 8, "codename": "add_specialtyscoreforuniversity"}}, {"model": "auth.permission", "pk": 23, "fields": {"name": "Can change specialty score for university", "content_type": 8, "codename": "change_specialtyscoreforuniversity"}}, {"model": "auth.permission", "pk": 24, "fields": {"name": "Can delete specialty score for university", "content_type": 8, "codename": "delete_specialtyscoreforuniversity"}}, {"model": "auth.permission", "pk": 25, "fields": {"name": "Can add \u041f\u0440\u0435\u0434\u043c\u0435\u0442 \u0415\u0413\u042d", "content_type": 9, "codename": "add_subject"}}, {"model": "auth.permission", "pk": 26, "fields": {"name": "Can change \u041f\u0440\u0435\u0434\u043c\u0435\u0442 \u0415\u0413\u042d", "content_type": 9, "codename": "change_subject"}}, {"model": "auth.permission", "pk": 27, "fields": {"name": "Can delete \u041f\u0440\u0435\u0434\u043c\u0435\u0442 \u0415\u0413\u042d", "content_type": 9, "codename": "delete_subject"}}, {"model": "auth.permission", "pk": 28, "fields": {"name": "Can add \u0423\u043d\u0438\u0432\u0435\u0440\u0441\u0438\u0442\u0435\u0442", "content_type": 10, "codename": "add_university"}}, {"model": "auth.permission", "pk": 29, "fields": {"name": "Can change \u0423\u043d\u0438\u0432\u0435\u0440\u0441\u0438\u0442\u0435\u0442", "content_type": 10, "codename": "change_university"}}, {"model": "auth.permission", "pk": 30, "fields": {"name": "Can delete \u0423\u043d\u0438\u0432\u0435\u0440\u0441\u0438\u0442\u0435\u0442", "content_type": 10, "codename": "delete_university"}}, {"model": "auth.user", "pk": 1, "fields": {"password": "pbkdf2_sha256$100000$F6IeuUrRA37e$e0aKUCzUr9kg+JQYiqfLLX976V8PT7BPDhoi2GLwG4g=", "last_login": "2018-02-26T12:34:37.374Z", "is_superuser": true, "username": "admin", "first_name": "", "last_name": "", "email": "gugr@yandex.ru", "is_staff": true, "is_active": true, "date_joined": "2018-02-25T09:50:40.363Z", "groups": [], "user_permissions": []}}, {"model": "auth.user", "pk": 2, "fields": {"password": "pbkdf2_sha256$100000$cJjDiVkotHzL$/a0BhOWskiNl7xJ+sofwsrzQmm5e8cnRBdhxzAZGDCQ=", "last_login": "2018-03-02T07:04:54.259Z", "is_superuser": false, "username": "moderator", "first_name": "", "last_name": "", "email": "", "is_staff": true, "is_active": true, "date_joined": "2018-02-25T09:52:04Z", "groups": [], "user_permissions": [19, 20, 21, 22, 23, 24, 25, 26, 27, 28, 29, 30]}}, {"model": "admin.logentry", "pk": 1, "fields": {"action_time": "2018-02-25T09:52:04.127Z", "user": 1, "content_type": 4, "object_id": "2", "object_repr": "moderator", "action_flag": 1, "change_message": "[{\"added\": {}}]"}}, {"model": "admin.logentry", "pk": 2, "fields": {"action_time": "2018-02-25T09:52:21.661Z", "user": 1, "content_type": 4, "object_id": "2", "object_repr": "moderator", "action_flag": 2, "change_message": "[{\"changed\": {\"fields\": [\"is_staff\"]}}]"}}, {"model": "admin.logentry", "pk": 3, "fields": {"action_time": "2018-02-25T10:05:57.460Z", "user": 1, "content_type": 10, "object_id": "1", "object_repr": "\u0418\u0422\u041c\u041e", "action_flag": 1, "change_message": "[{\"added\": {}}]"}}, {"model": "admin.logentry", "pk": 4, "fields": {"action_time": "2018-02-25T10:06:35.303Z", "user": 1, "content_type": 7, "object_id": "1", "object_repr": "\u041f\u0440\u0438\u043a\u043b\u0430\u0434\u043d\u0430\u044f \u043c\u0430\u0442\u0435\u043c\u0430\u0442\u0438\u043a\u0430 \u0438 \u0438\u043d\u0444\u043e\u0440\u043c\u0430\u0442\u0438\u043a\u0430", "action_flag": 1, "change_message": "[{\"added\": {}}]"}}, {"model": "admin.logentry", "pk": 5, "fields": {"action_time": "2018-02-25T10:06:53.524Z", "user": 1, "content_type": 7, "object_id": "2", "object_repr": "\u0418\u043d\u0444\u043e\u0440\u043c\u0430\u0442\u0438\u043a\u0430 \u0438 \u0432\u044b\u0447\u0438\u0441\u043b\u0438\u0442\u0435\u043b\u044c\u043d\u0430\u044f \u0442\u0435\u0445\u043d\u0438\u043a\u0430", "action_flag": 1, "change_message": "[{\"added\": {}}]"}}, {"model": "admin.logentry", "pk": 6, "fields": {"action_time": "2018-02-25T10:07:04.062Z", "user": 1, "content_type": 7, "object_id": "3", "object_repr": "\u0418\u043d\u0444\u043e\u0440\u043c\u0430\u0446\u0438\u043e\u043d\u043d\u044b\u0435 \u0441\u0438\u0441\u0442\u0435\u043c\u044b \u0438 \u0442\u0435\u0445\u043d\u043e\u043b\u043e\u0433\u0438\u0438", "action_flag": 1, "change_message": "[{\"added\": {}}]"}}, {"model": "admin.logentry", "pk": 7, "fields": {"action_time": "2018-02-25T10:07:18.986Z", "user": 1, "content_type": 7, "object_id": "4", "object_repr": "\u041f\u0440\u0438\u043a\u043b\u0430\u0434\u043d\u0430\u044f \u0438\u043d\u0444\u043e\u0440\u043c\u0430\u0442\u0438\u043a\u0430", "action_flag": 1, "change_message": "[{\"added\": {}}]"}}, {"model": "admin.logentry", "pk": 8, "fields": {"action_time": "2018-02-25T10:07:59.032Z", "user": 1, "content_type": 7, "object_id": "5", "object_repr": "\u041f\u0440\u043e\u0433\u0440\u0430\u043c\u043c\u043d\u0430\u044f \u0438\u043d\u0436\u0435\u043d\u0435\u0440\u0438\u044f", "action_flag": 1, "change_message": "[{\"added\": {}}]"}}, {"model": "admin.logentry", "pk": 9, "fields": {"action_time": "2018-02-25T10:08:13.593Z", "user": 1, "content_type": 7, "object_id": "6", "object_repr": "\u0418\u043d\u0444\u043e\u0440\u043c\u0430\u0446\u0438\u043e\u043d\u043d\u0430\u044f \u0431\u0435\u0437\u043e\u043f\u0430\u0441\u043d\u043e\u0441\u0442\u044c", "action_flag": 1, "change_message": "[{\"added\": {}}]"}}, {"model": "admin.logentry", "pk": 10, "fields": {"action_time": "2018-02-25T10:08:27.274Z", "user": 1, "content_type": 7, "object_id": "7", "object_repr": "\u0418\u043d\u0444\u043e\u043a\u043e\u043c\u043c\u0443\u043d\u0438\u043a\u0430\u0446\u0438\u043e\u043d\u043d\u044b\u0435 \u0442\u0435\u0445\u043d\u043e\u043b\u043e\u0433\u0438\u0438 \u0438 \u0441\u0438\u0441\u0442\u0435\u043c\u044b \u0441\u0432\u044f\u0437\u0438", "action_flag": 1, "change_message": "[{\"added\": {}}]"}}, {"model": "admin.logentry", "pk": 11, "fields": {"action_time": "2018-02-25T10:08:54.501Z", "user": 1, "content_type": 9, "object_id": "1", "object_repr": "\u041c\u0430\u0442\u0435\u043c\u0430\u0442\u0438\u043a\u0430", "action_flag": 1, "change_message": "[{\"added\": {}}]"}}, {"model": "admin.logentry", "pk": 12, "fields": {"action_time": "2018-02-25T10:09:01.304Z", "user": 1, "content_type": 9, "object_id": "2", "object_repr": "\u0418\u043d\u0444\u043e\u0440\u043c\u0430\u0442\u0438\u043a\u0430 \u0438 \u0418\u041a\u0422", "action_flag": 1, "change_message": "[{\"added\": {}}]"}}, {"model": "admin.logentry", "pk": 13, "fields": {"action_time": "2018-02-25T10:09:06.811Z", "user": 1, "content_type": 9, "object_id": "3", "object_repr": "\u0420\u0443\u0441\u0441\u043a\u0438\u0439 \u044f\u0437\u044b\u043a", "action_flag": 1, "change_message": "[{\"added\": {}}]"}}, {"model": "admin.logentry", "pk": 14, "fields": {"action_time": "2018-02-25T10:09:13.598Z", "user": 1, "content_type": 9, "object_id": "4", "object_repr": "\u0424\u0438\u0437\u0438\u043a\u0430", "action_flag": 1, "change_message": "[{\"added\": {}}]"}}, {"model": "admin.logentry", "pk": 15, "fields": {"action_time": "2018-02-25T10:09:58.496Z", "user": 1, "content_type": 10, "object_id": "1", "object_repr": "\u0418\u0422\u041c\u041e", "action_flag": 2, "change_message": "[{\"added\": {\"name\": \"specialty score for university\", \"object\": \"SpecialtyScoreForUniversity object (1)\"}}]"}}, {"model": "admin.logentry", "pk": 16, "fields": {"action_time": "2018-02-25T10:15:07.962Z", "user": 1, "content_type": 10, "object_id": "1", "object_repr": "\u0418\u0422\u041c\u041e", "action_flag": 2, "change_message": "[{\"added\": {\"name\": \"specialty score for university\", \"object\": \"SpecialtyScoreForUniversity object (2)\"}}, {\"added\": {\"name\": \"specialty score for university\", \"object\": \"SpecialtyScoreForUniversity object (3)\"}}, {\"added\": {\"name\": \"specialty score for university\", \"object\": \"SpecialtyScoreForUniversity object (4)\"}}, {\"added\": {\"name\": \"specialty score for university\", \"object\": \"SpecialtyScoreForUniversity object (5)\"}}, {\"added\": {\"name\": \"specialty score for university\", \"object\": \"SpecialtyScoreForUniversity object (6)\"}}, {\"added\": {\"name\": \"specialty score for university\", \"object\": \"SpecialtyScoreForUniversity object (7)\"}}]"}}, {"model": "admin.logentry", "pk": 17, "fields": {"action_time": "2018-02-25T10:22:22.987Z", "user": 1, "content_type": 7, "object_id": "8", "object_repr": "\u041c\u0430\u0442\u0435\u043c\u0430\u0442\u0438\u043a\u0430", "action_flag": 1, "change_message": "[{\"added\": {}}]"}}, {"model": "admin.logentry", "pk": 18, "fields": {"action_time": "2018-02-25T10:23:35.508Z", "user": 1, "content_type": 7, "object_id": "9", "object_repr": "\u041f\u0440\u0438\u043a\u043b\u0430\u0434\u043d\u0430\u044f \u043c\u0430\u0442\u0435\u043c\u0430\u0442\u0438\u043a\u0430", "action_flag": 1, "change_message": "[{\"added\": {}}]"}}, {"model": "admin.logentry", "pk": 19, "fields": {"action_time": "2018-02-25T10:23:58.147Z", "user": 1, "content_type": 10, "object_id": "2", "object_repr": "\u0421\u0424\u0423", "action_flag": 1, "change_message": "[{\"added\": {}}, {\"added\": {\"name\": \"specialty score for university\", \"object\": \"SpecialtyScoreForUniversity object (8)\"}}, {\"added\": {\"name\": \"specialty score for university\", \"object\": \"SpecialtyScoreForUniversity object (9)\"}}, {\"added\": {\"name\": \"specialty score for university\", \"object\": \"SpecialtyScoreForUniversity object (10)\"}}]"}}, {"model": "admin.logentry", "pk": 20, "fields": {"action_time": "2018-03-02T07:04:33.402Z", "user": 1, "content_type": 4, "object_id": "2", "object_repr": "moderator", "action_flag": 2, "change_message": "[{\"changed\": {\"fields\": [\"user_permissions\"]}}]"}}, {"model": "admin.logentry", "pk": 21, "fields": {"action_time": "2018-03-04T03:11:41.636Z", "user": 2, "content_type": 7, "object_id": "5", "object_repr": "\u041f\u0440\u043e\u0433\u0440\u0430\u043c\u043c\u043d\u0430\u044f \u0438\u043d\u0436\u0435\u043d\u0435\u0440\u0438\u044f", "action_flag": 2, "change_message": "[]"}}, {"model": "admin.logentry", "pk": 22, "fields": {"action_time": "2018-03-04T03:13:36.031Z", "user": 2, "content_type": 10, "object_id": "3", "object_repr": "\u0412\u0428\u042d", "action_flag": 1, "change_message": "[{\"added\": {}}, {\"added\": {\"name\": \"specialty score for university\", \"object\": \"SpecialtyScoreForUniversity object (11)\"}}]"}}, {"model": "admin.logentry", "pk": 23, "fields": {"action_time": "2018-03-04T03:40:41.771Z", "user": 2, "content_type": 10, "object_id": "3", "object_repr": "\u0412\u0428\u042d", "action_flag": 2, "change_message": "[{\"added\": {\"name\": \"specialty score for university\", \"object\": \"SpecialtyScoreForUniversity object (12)\"}}, {\"added\": {\"name\": \"specialty score for university\", \"object\": \"SpecialtyScoreForUniversity object (13)\"}}, {\"added\": {\"name\": \"specialty score for university\", \"object\": \"SpecialtyScoreForUniversity object (14)\"}}]"}}, {"model": "admin.logentry", "pk": 24, "fields": {"action_time": "2018-03-04T04:06:45.680Z", "user": 2, "content_type": 7, "object_id": "10", "object_repr": "\u041a\u043e\u043c\u043f\u044c\u044e\u0442\u0435\u0440\u043d\u0430\u044f \u0431\u0435\u0437\u043e\u043f\u0430\u0441\u043d\u043e\u0441\u0442\u044c", "action_flag": 1, "change_message": "[{\"added\": {}}]"}}, {"model": "admin.logentry", "pk": 25, "fields": {"action_time": "2018-03-04T04:13:43.415Z", "user": 2, "content_type": 10, "object_id": "4", "object_repr": "\u0422\u0413\u0423", "action_flag": 1, "change_message": "[{\"added\": {}}, {\"added\": {\"name\": \"specialty score for university\", \"object\": \"SpecialtyScoreForUniversity object (15)\"}}, {\"added\": {\"name\": \"specialty score for university\", \"object\": \"SpecialtyScoreForUniversity object (16)\"}}, {\"added\": {\"name\": \"specialty score for university\", \"object\": \"SpecialtyScoreForUniversity object (17)\"}}, {\"added\": {\"name\": \"specialty score for university\", \"object\": \"SpecialtyScoreForUniversity object (18)\"}}, {\"added\": {\"name\": \"specialty score for university\", \"object\": \"SpecialtyScoreForUniversity object (19)\"}}]"}}, {"model": "admin.logentry", "pk": 26, "fields": {"action_time": "2018-03-04T04:25:49.703Z", "user": 2, "content_type": 10, "object_id": "5", "object_repr": "\u041d\u0418\u0422\u0423 \u00ab\u041c\u0418\u0421\u0438\u0421\u00bb", "action_flag": 1, "change_message": "[{\"added\": {}}, {\"added\": {\"name\": \"specialty score for university\", \"object\": \"SpecialtyScoreForUniversity object (20)\"}}, {\"added\": {\"name\": \"specialty score for university\", \"object\": \"SpecialtyScoreForUniversity object (21)\"}}, {\"added\": {\"name\": \"specialty score for university\", \"object\": \"SpecialtyScoreForUniversity object (22)\"}}, {\"added\": {\"name\": \"specialty score for university\", \"object\": \"SpecialtyScoreForUniversity object (23)\"}}]"}}, {"model": "admin.logentry", "pk": 27, "fields": {"action_time": "2018-03-04T04:45:02.626Z", "user": 2, "content_type": 7, "object_id": "11", "object_repr": "\u0421\u0438\u0441\u0442\u0435\u043c\u043d\u044b\u0439 \u0430\u043d\u0430\u043b\u0438\u0437 \u0438 \u0443\u043f\u0440\u0430\u0432\u043b\u0435\u043d\u0438\u0435", "action_flag": 1, "change_message": "[{\"added\": {}}]"}}, {"model": "admin.logentry", "pk": 28, "fields": {"action_time": "2018-03-04T04:49:17.572Z", "user": 2, "content_type": 10, "object_id": "6", "object_repr": "\u041c\u0424\u0422\u0418", "action_flag": 1, "change_message": "[{\"added\": {}}, {\"added\": {\"name\": \"specialty score for university\", \"object\": \"SpecialtyScoreForUniversity object (24)\"}}, {\"added\": {\"name\": \"specialty score for university\", \"object\": \"SpecialtyScoreForUniversity object (25)\"}}, {\"added\": {\"name\": \"specialty score for university\", \"object\": \"SpecialtyScoreForUniversity object (26)\"}}]"}}]